{"NDPK5": 0.02338664548709674, "SHK3Dr": 0.32894173415548394, "NDPK6": 0.022649996884012782, "NDPK8": 0.022649996884012782, "DHORTS": -0.2863450936041813, "OMPDC": 0.2863450936041813, "G5SD": 0.19135118326054595, "CS": 6.723073533652234, "ICDHyr": 6.723073533652234, "ACALD": 0.0, "PPA": 2.7101847452488235, "PPCK": 0.0, "ME1": 0.0, "ALATA_L": -0.5047981935673779, "XYLK": 0.0, "RBK": 0.0, "GLYK": 0.0, "ASPTA": -2.532984832685366, "FBP": 0.0, "EX_pi_e": -0.8340602097242424, "PYK": 1.9670152508977252, "EX_co2_e": 24.51763379100536, "GTHOr": 0.0, "ILETA": -0.2514897555879901, "DHORD5": 0.0, "VALTA": -0.36630046554431767, "IPPMIb": -0.38999181174620356, "ORPT": -0.2863450936041813, "ACHBS": 0.2514897555879901, "DHAD2": 0.2514897555879901, "ACLS": 0.7567908784601762, "TRPS2": 0.049204837303292004, "PSCVT": 0.32894173415548394, "PFL": 0.0, "ANS": 0.049204837303292004, "FRD2": 0.0, "ANPRT": 0.049204837303292004, "CHORM": 0.27973689685219194, "PTAr": -0.5025363101363061, "CHORS": 0.32894173415548394, "IGPS": 0.049204837303292004, "ACKr": 0.5025363101363061, "LEUTAi": 0.38999181174620356, "EX_glcn_e": 0.0, "EX_h_e": 7.951609219089221, "EX_gln__L_e": 0.0, "EX_glyc_e": 0.0, "EX_ac_e": 0.0, "EX_akg_e": 0.0, "EX_pyr_e": 0.0, "EX_succ_e": 0.0, "EX_rib__D_e": 0.0, "EX_fum_e": 0.0, "EX_glu__L_e": 0.0, "ENO": 15.24105299699899, "FBA": 8.099201967478084, "HCO3E": 3.0182034084464435, "IMPC": -0.4687716621787227, "IMPD": 0.20996562692766405, "PPS": 0.0, "PGI": 6.553419556786276, "PGK": -16.77460650077053, "PGL": 3.446580443213724, "RPE": 1.6275737775639552, "DHQTi": 0.32894173415548394, "IPMD": 0.38999181174620356, "AIRC3": -0.38676388854891286, "TALA": 0.9782577558597196, "ADSL2r": 0.38676388854891286, "TKT1": 0.9782577558597196, "RNDR1": 0.022649996884012782, "ALCD2x": 0.0, "RNDR3": 0.02338664548709674, "RNDR4": 0.022649996884012782, "TMDS": 0.022649996884012782, "EX_glc__D_e": -10.0, "DHAD1": 0.7567908784601762, "IPPMIa": -0.38999181174620356, "MDH": 6.6976414114917215, "FUM": 6.6976414114917215, "EX_fru_e": 0.0, "EX_xyl__D_e": 0.0, "KARA1": -0.7567908784601762, "KARA2": 0.2514897555879901, "EX_for_e": 0.0011582089670109724, "ACCOAC": 2.0890488756430434, "KAS14": 0.0, "ARGSS": 0.2560455506503061, "AGPR": -0.2560455506503061, "ICL": 0.0, "EX_acald_e": 0.0, "GLYCL": 0.047319501630537664, "XYLI1": 0.0, "PPC": 2.558416954845878, "G3PT": 0.0, "SADT2": 0.21280748046929107, "GHMT2r": 0.9643994029833878, "DHORD2": 0.2863450936041813, "SDPDS": 0.3211034813929396, "EX_lac__D_e": 0.0, "UMPK": 0.32724077704025484, "CTPS2": 0.1389547790952439, "NDPK7": 0.02338664548709674, "TRPS3": 0.049204837303292004, "ADK1": 1.9550524081793814, "NDPK2": 0.3454864635923156, "NDPK4": 0.022649996884012782, "ACODA": 0.2560455506503061, "ADSS": 0.2588060352510586, "ASNS2": 0.20866372387356497, "ASPCT": 0.2863450936041813, "MCOATA": 2.0890488756430434, "DAPE": 0.3211034813929396, "DHDPRy": 0.3211034813929396, "HSK": 0.47108808011273784, "SDPTA": -0.3211034813929396, "THRS": 0.47108808011273784, "HSST": 0.13303475583262203, "PPNDH": 0.16037039183354843, "DTMPK": 0.022649996884012782, "NDPK1": 0.658192497160917, "TRDR": 0.3048807652115101, "DDPA": 0.32894173415548394, "MALS": 0.0, "NADTRHD": 0.0, "G3PD2": -0.12034639481734041, "GMPS2": 0.20996562692766405, "P5CR": 0.19135118326054595, "G5SADs": 0.19135118326054595, "AKGDH": 5.796025937041444, "ATPPRT": 0.0820077736298098, "HISTD": 0.0820077736298098, "DHDPS": 0.3211034813929396, "IGPDH": 0.0820077736298098, "PRPPS": 0.8062934914620188, "PRATPP": 0.0820077736298098, "GLUN": 0.0, "PRMICI": 0.0820077736298098, "GLUPRT": 0.38676388854891286, "SERAT": 0.21280748046929107, "CYSS": 0.21280748046929107, "BPNT": 0.21280748046929107, "PAPSR": 0.21280748046929107, "ASPK": 0.9252263173382995, "ASAD": -0.9252263173382995, "DAPDC": 0.29704943746521095, "OCBT": 0.2560455506503061, "GARFT": 0.38676388854891286, "PHETA1": -0.16037039183354843, "PPND": 0.11936650501864352, "PRAMPC": 0.0820077736298098, "GLYCK2": 0.0, "ACOTA": -0.2560455506503061, "SULR": 0.21280748046929107, "PRAGSr": 0.38676388854891286, "PRFGS": 0.38676388854891286, "PSERT": 1.5335535037715413, "AIRC2": 0.38676388854891286, "GAPD": 16.77460650077053, "GND": 3.446580443213724, "G6PDH2r": 3.446580443213724, "ME2": 0.0, "ARGSL": 0.2560455506503061, "CBPS": 0.5423906442544875, "GLU5K": 0.19135118326054595, "IPPS": 0.38999181174620356, "ACOATA": 0.0, "ACtex": 0.0, "ACALDtex": 0.0, "PSP_L": 1.5335535037715413, "ADSK": 0.21280748046929107, "SUCCt2_2pp": 0.0, "HSDy": 0.6041228359453599, "CYSTL": 0.13303475583262203, "SHSL1": 0.13303475583262203, "SULabcpp": 0.0, "GLUtex": 0.0, "AKGt2rpp": 0.0, "XYLt2pp": 0.0, "GLYCtex": 0.0, "Htex": -7.951609219089221, "H2Otex": -47.34128930739929, "O2tpp": 22.675304200384403, "PYRt2rpp": 0.0, "THD2pp": 0.0, "TKT2": 0.6493160217042356, "ATPS4rpp": 72.50491532652174, "CO2tpp": -24.51763379100536, "GK1": 0.20996562692766405, "GLCNtex": 0.0, "GLNtex": 0.0, "O2tex": 22.675304200384403, "D_LACtex": 0.0, "GLCtex_copy1": 10.0, "FUMt2_2pp": 0.0, "PItex": 0.8340602097242424, "CYTBDpp": 0.0, "CYTBD2pp": 0.0, "ACALDtpp": 0.0, "ACt2rpp": 0.0, "METS": 0.13303475583262203, "EX_glyc__R_e": 0.0, "FRUtex": 0.0, "FUMtex": 0.0, "PRASCSi": 0.38676388854891286, "MTHFC": 0.8555355507276355, "MTHFD": 0.8555355507276355, "XYLtex": 0.0, "FORtppi": 0.0011582089670109724, "PYRtex": 0.0, "SO4tex": 0.2165625705282549, "SUCCtex": 0.0, "GRXR": 0.0, "RNDR1b": 0.0, "RNDR2b": 0.0, "MALt2_2pp": 0.0, "NH4tpp": 9.340371020697836, "NH4tex": 9.340371020697836, "RIBabcpp": 0.0, "GLYCAt2rpp": 0.0, "GLYCAtex": 0.0, "GLYCtpp": 0.0, "H2Otpp": -47.34128930739929, "GLNabcpp": 0.0, "CO2tex": -24.51763379100536, "GLUt2rpp": 0.0, "ACGK": 0.2560455506503061, "GNK": 0.0, "GLUDy": -7.445059862038834, "GLCNt2rpp": 0.0, "GLCptspp": 10.0, "EX_h2o_e": 47.34128930739929, "HSTPT": 0.0820077736298098, "THDPS": 0.3211034813929396, "ATPM": 6.86, "THRD_L": 0.2514897555879901, "ETOHtex": 0.0, "RNDR2": 0.02338664548709674, "DHFR": 0.022649996884012782, "PRAIi": 0.049204837303292004, "EX_mal__L_e": 0.0, "TYRTA": -0.11936650501864352, "SHKK": 0.32894173415548394, "EX_so4_e": -0.2165625705282549, "GLUSy": 0.0, "OMCDC": 0.38999181174620356, "IG3PS": 0.0820077736298098, "PDH": 9.55828165656498, "MTHFR2": 0.13303475583262203, "EX_nh4_e": -9.340371020697836, "DUTPDP": 0.022649996884012782, "NTP5": 0.0, "FORt2pp": 0.0, "EX_etoh_e": 0.0, "GLNS": 2.105641214566574, "ACGS": 0.2560455506503061, "SUCOAS": -5.341887699815882, "PRAIS": 0.38676388854891286, "HISTP": 0.0820077736298098, "LDH_D": 0.0, "KAS15": 0.3080593476680605, "T2DECAI": 0.13021454296676124, "3OAS161": 0.13021454296676124, "DHQS": 0.32894173415548394, "EAR161x": 0.13021454296676124, "EAR161y": 0.0, "PGCD": 1.5335535037715413, "MALtex": 0.0, "3OAS141": 0.13021454296676124, "3OAR121": 0.13021454296676124, "ADSL1r": 0.2588060352510586, "AICART": 0.4687716621787227, "D_LACt2pp": 0.0, "RIBtex": 0.0, "FRUpts2pp": 0.0, "FORtex": -0.0011582089670109724, "PFK": 8.099201967478084, "PGM": -15.24105299699899, "CYTBO3_4pp": 22.675304200384403, "EAR141x": 0.13021454296676124, "EAR141y": 0.0, "EAR181x": 0.0, "EAR181y": 0.0, "TPI": 7.976883674284921, "RPI": -1.7845512473217384, "3OAR120": 0.17784480470129924, "3HAD80": 0.3080593476680605, "3HAD120": 0.17784480470129924, "EAR180x": 0.0, "AKGtex": 0.0, "SO4t2pp": 0.2165625705282549, "EAR180y": 0.0, "ACONTb": 6.723073533652234, "3HAD161": 0.13021454296676124, "SUCDi": 5.7979978354172665, "ASNS1": 0.0, "EAR80y": 0.0, "EAR120y": 0.0, "3OAR181": 0.0, "3HAD121": 0.13021454296676124, "EX_o2_e": -22.675304200384403, "EAR140x": 0.11047824666791956, "3OAS181": 0.0, "3OAS140": 0.17784480470129915, "3OAR140": 0.17784480470129915, "EAR160y": 0.0, "3OAR160": 0.11047824666791956, "3HAD181": 0.0, "EAR100y": 0.0, "3OAR141": 0.13021454296676124, "3OAR161": 0.13021454296676124, "3HAD141": 0.13021454296676124, "EAR121x": 0.13021454296676124, "EAR121y": 0.0, "ACONTa": 6.723073533652234, "3HAD40": 0.3080593476680605, "3OAS60": 0.3080593476680605,